{
  "output_id": 46,
  "tokens": [
    " The",
    " policy",
    " says",
    " we",
    " must",
    " refuse",
    ".",
    " The",
    " user",
    " is",
    " requesting",
    " instructions",
    " for",
    " a",
    " malicious",
    " activity",
    ".",
    " The",
    " policy",
    " says",
    " we",
    " must",
    " refuse",
    ".",
    " The",
    " user",
    " is",
    " requesting",
    " instructions",
    " for",
    " a",
    " malicious",
    " activity",
    ".",
    " The",
    " policy",
    " says",
    " we",
    " must",
    " refuse",
    ".",
    " The",
    " user",
    " is",
    " requesting",
    " instructions",
    " for",
    " a",
    " malicious",
    " activity",
    ".",
    " The",
    " policy",
    " says",
    " we",
    " must",
    " refuse",
    ".",
    " The",
    " user",
    " is",
    " requesting",
    " instructions",
    " for",
    " a",
    " malicious",
    " activity",
    ".",
    " The",
    " policy",
    " says",
    " we",
    " must",
    " refuse",
    ".",
    " The",
    " user",
    " is",
    " requesting",
    " instructions",
    " for",
    " a",
    " malicious",
    " activity",
    ".",
    " The",
    " policy",
    " says",
    " we",
    " must",
    " refuse",
    ".",
    " The",
    " user"
  ],
  "probs": [
    0.400390625,
    0.419921875,
    0.50390625,
    0.369140625,
    0.55078125,
    0.734375,
    0.337890625,
    0.3515625,
    0.296875,
    0.39453125,
    0.515625,
    0.859375,
    0.435546875,
    0.2490234375,
    0.48828125,
    0.7734375,
    0.5625,
    0.2421875,
    0.6328125,
    0.72265625,
    0.61328125,
    0.7578125,
    0.8671875,
    0.71484375,
    0.2197265625,
    0.2373046875,
    0.36328125,
    0.43359375,
    0.73828125,
    0.49609375,
    0.337890625,
    0.71875,
    0.91796875,
    0.7109375,
    0.43359375,
    0.7734375,
    0.8671875,
    0.87890625,
    0.96484375,
    0.875,
    0.82421875,
    0.291015625,
    0.3046875,
    0.56640625,
    0.7265625,
    0.9296875,
    0.8984375,
    0.84765625,
    0.98046875,
    0.98046875,
    0.95703125,
    0.6796875,
    0.92578125,
    0.99609375,
    0.9921875,
    0.99609375,
    0.9375,
    0.85546875,
    0.46875,
    0.54296875,
    0.9140625,
    0.87109375,
    0.984375,
    0.96875,
    0.96875,
    1.0,
    0.99609375,
    0.984375,
    0.875,
    0.96875,
    1.0,
    1.0,
    1.0,
    0.98046875,
    0.859375,
    0.59765625,
    0.890625,
    0.984375,
    0.9453125,
    0.9921875,
    0.9921875,
    0.98828125,
    1.0,
    1.0,
    0.98828125,
    0.9375,
    0.9609375,
    1.0,
    1.0,
    1.0,
    0.984375,
    0.84765625,
    0.703125,
    0.9453125
  ],
  "length": 94
}